"Tweet Id","Full Text","Note Tweet Text","Tweet Url","Media URLs","Media Types","Media Count","Created At","Reply Count","Retweet Count","Favorite Count","Quote Count","Bookmark Count","View Count","Favorited","Retweeted","Bookmarked","Is Quote Status","Possibly Sensitive","Language","Expanded URLs","Hashtags","User Mentions","Original Tweet Id","Original Tweet Full Text","Original Note Tweet Text","Original Tweet User Id","Original Tweet User Name","Original Tweet User Screen Name","Original Tweet User Description","Original Tweet User Followers Count","Original Tweet User Friends Count","Original Tweet User Favourites Count","Original Tweet User Statuses Count","Original Tweet User Listed Count","Original Tweet User Avatar Url","Original Tweet User Profile Banner Url","Original Tweet User Location","Original Tweet User Is Blue Verified","Original Tweet User Is Verified","Original Tweet User Is Protected","Original Tweet User Professional Type","Original Tweet User Created At","Scraped At"
"2034211153451069629","The heartbeat of a new era.​

The new BMW i3.​ 

#BMWi3 #BMW #BMWNewEra #NeueKlasse #BMWGroup​  

The maximum range of the BMW i3 50 xDrive Limousine (2026) will be up to 900 kilometers (WLTP). Since no binding WLTP values are currently available, these are preliminary values. https://t.co/qOGqUzOJRp","The heartbeat of a new era.​

The new BMW i3.​ 

#BMWi3 #BMW #BMWNewEra #NeueKlasse #BMWGroup​  

The maximum range of the BMW i3 50 xDrive Limousine (2026) will be up to 900 kilometers (WLTP). Since no binding WLTP values are currently available, these are preliminary values. Furthermore, the real life values depend on various factors, e.g. cargo weight, driving style, route, weather conditions, auxiliary electrical consumption (including air conditioning), tires, battery state of health.","https://x.com/BMW/status/2034211153451069629","https://pbs.twimg.com/media/HDr30dPWEAA18N3.jpg
https://pbs.twimg.com/media/HDr39GDXYAAiu5A.jpg
https://pbs.twimg.com/media/HDr33UTagAAk5Um.jpg
https://pbs.twimg.com/media/HDr34Y1WsAYTkle.jpg","photo
photo
photo
photo","4","Wed Mar 18 10:11:47 +0000 2026","608","457","3902","275","282","459120","No","No","No","No","No","en","","BMWi3, BMW, BMWNewEra, NeueKlasse, BMWGroup","","2034211153451069629","The heartbeat of a new era.​

The new BMW i3.​ 

#BMWi3 #BMW #BMWNewEra #NeueKlasse #BMWGroup​  

The maximum range of the BMW i3 50 xDrive Limousine (2026) will be up to 900 kilometers (WLTP). Since no binding WLTP values are currently available, these are preliminary values. https://t.co/qOGqUzOJRp","The heartbeat of a new era.​

The new BMW i3.​ 

#BMWi3 #BMW #BMWNewEra #NeueKlasse #BMWGroup​  

The maximum range of the BMW i3 50 xDrive Limousine (2026) will be up to 900 kilometers (WLTP). Since no binding WLTP values are currently available, these are preliminary values. Furthermore, the real life values depend on various factors, e.g. cargo weight, driving style, route, weather conditions, auxiliary electrical consumption (including air conditioning), tires, battery state of health.","1545994664","BMW","BMW","The official #BMW account. Come for the cars, stay for the Joy. Imprint: https://t.co/CofRcurI3x","2674043","73","15672","48322","4956","https://pbs.twimg.com/profile_images/1807534976117747713/Uk3W5rE1_normal.jpg","https://pbs.twimg.com/profile_banners/1545994664/1757063924","Munich","Yes","No","No","Business","Tue Jun 25 15:20:28 +0000 2013","2026-04-05T17:34:54.901Z"
"2033803632055857582","A new era continues 😍   

As the second model of the Neue Klasse, the new BMW i3 with its advanced technology and design marks a giant leap forward. 

#NeueKlasse #BMWi3 https://t.co/gAfMXgixhW","","https://x.com/BMW/status/2033803632055857582","https://video.twimg.com/amplify_video/2033803291381960704/vid/avc1/1080x1350/2Fmiu1jzqKS3KwR_.mp4?tag=21","video","1","Tue Mar 17 07:12:26 +0000 2026","224","197","1959","34","122","123711","No","No","No","No","No","en","","NeueKlasse, BMWi3","","2033803632055857582","A new era continues 😍   

As the second model of the Neue Klasse, the new BMW i3 with its advanced technology and design marks a giant leap forward. 

#NeueKlasse #BMWi3 https://t.co/gAfMXgixhW","","1545994664","BMW","BMW","The official #BMW account. Come for the cars, stay for the Joy. Imprint: https://t.co/CofRcurI3x","2674043","73","15672","48322","4956","https://pbs.twimg.com/profile_images/1807534976117747713/Uk3W5rE1_normal.jpg","https://pbs.twimg.com/profile_banners/1545994664/1757063924","Munich","Yes","No","No","Business","Tue Jun 25 15:20:28 +0000 2013","2026-04-05T17:34:54.901Z"
"2029451954238144971","A new era continues: 18.03.2026.  

Are you ready for the new BMW i3? 

#NeueKlasse #BMW #BMWGroup https://t.co/8AsskanW1b","","https://x.com/BMW/status/2029451954238144971","https://video.twimg.com/amplify_video/2029451034653851648/vid/avc1/1080x1350/jXfoVNHfb6hNrEw3.mp4?tag=21","video","1","Thu Mar 05 07:00:25 +0000 2026","197","239","2204","72","186","183646","No","No","No","No","No","en","","NeueKlasse, BMW, BMWGroup","","2029451954238144971","A new era continues: 18.03.2026.  

Are you ready for the new BMW i3? 

#NeueKlasse #BMW #BMWGroup https://t.co/8AsskanW1b","","1545994664","BMW","BMW","The official #BMW account. Come for the cars, stay for the Joy. Imprint: https://t.co/CofRcurI3x","2674043","73","15672","48322","4956","https://pbs.twimg.com/profile_images/1807534976117747713/Uk3W5rE1_normal.jpg","https://pbs.twimg.com/profile_banners/1545994664/1757063924","Munich","Yes","No","No","Business","Tue Jun 25 15:20:28 +0000 2013","2026-04-05T17:34:54.901Z"
"1964675022653387021","Design that speaks before the drive begins.
The new BMW iX3 sets a new tone for the road ahead.

The new BMW iX3.
#BMWiX3 #BMW #BMWNewEra #NeueKlasse

BMW iX3 50 xDrive: WLTP energy consumption combined: 17,9 - 15,1 kWh/100 km; WLTP CO₂ emissions combined: 0 g/km; CO2-class: A; https://t.co/YjM0vUUBfz","Design that speaks before the drive begins.
The new BMW iX3 sets a new tone for the road ahead.

The new BMW iX3.
#BMWiX3 #BMW #BMWNewEra #NeueKlasse

BMW iX3 50 xDrive: WLTP energy consumption combined: 17,9 - 15,1 kWh/100 km; WLTP CO₂ emissions combined: 0 g/km; CO2-class: A; WLTP electric range: 679-805km

BMW Individual Steering Wheel in digital white available for order optionally starting from 01/26.

Electric range shown in the vehicle according to WLTP for demonstration and comparison purposes. Real-life values depend on factors such as driving behavior, road conditions, weather, auxiliary electrical consumption (e.g. air conditioning).

Screen contents are subject to change due to ongoing software updates.","https://x.com/BMW/status/1964675022653387021","https://pbs.twimg.com/media/G0On3Y_W8AAyuNC.jpg
https://pbs.twimg.com/media/G0On3ZUWMAA_Wst.jpg
https://pbs.twimg.com/media/G0On3ZCXYAA9XnC.jpg
https://pbs.twimg.com/media/G0On3Y_WQAAstk5.jpg","photo
photo
photo
photo","4","Sun Sep 07 13:00:01 +0000 2025","517","395","2314","66","105","186953","No","No","No","No","No","en","","BMWiX3, BMW, BMWNewEra, NeueKlasse","","1964675022653387021","Design that speaks before the drive begins.
The new BMW iX3 sets a new tone for the road ahead.

The new BMW iX3.
#BMWiX3 #BMW #BMWNewEra #NeueKlasse

BMW iX3 50 xDrive: WLTP energy consumption combined: 17,9 - 15,1 kWh/100 km; WLTP CO₂ emissions combined: 0 g/km; CO2-class: A; https://t.co/YjM0vUUBfz","Design that speaks before the drive begins.
The new BMW iX3 sets a new tone for the road ahead.

The new BMW iX3.
#BMWiX3 #BMW #BMWNewEra #NeueKlasse

BMW iX3 50 xDrive: WLTP energy consumption combined: 17,9 - 15,1 kWh/100 km; WLTP CO₂ emissions combined: 0 g/km; CO2-class: A; WLTP electric range: 679-805km

BMW Individual Steering Wheel in digital white available for order optionally starting from 01/26.

Electric range shown in the vehicle according to WLTP for demonstration and comparison purposes. Real-life values depend on factors such as driving behavior, road conditions, weather, auxiliary electrical consumption (e.g. air conditioning).

Screen contents are subject to change due to ongoing software updates.","1545994664","BMW","BMW","The official #BMW account. Come for the cars, stay for the Joy. Imprint: https://t.co/CofRcurI3x","2674043","73","15672","48322","4956","https://pbs.twimg.com/profile_images/1807534976117747713/Uk3W5rE1_normal.jpg","https://pbs.twimg.com/profile_banners/1545994664/1757063924","Munich","Yes","No","No","Business","Tue Jun 25 15:20:28 +0000 2013","2026-04-05T17:34:54.901Z"
"1964254726565904774","Meet the new BMW iX3.
More dynamic. More intelligent. More BMW than ever.
The first of a new era.

#BMWiX3 #BMW #BMWNewEra #NeueKlasse

BMW iX3 50 xDrive: WLTP energy consumption combined: 17,9 - 15,1 kWh/100 km; WLTP CO₂ emissions combined: 0 g/km; CO₂ class: A; WLTP electric https://t.co/EXUXYeNUNz","Meet the new BMW iX3.
More dynamic. More intelligent. More BMW than ever.
The first of a new era.

#BMWiX3 #BMW #BMWNewEra #NeueKlasse

BMW iX3 50 xDrive: WLTP energy consumption combined: 17,9 - 15,1 kWh/100 km; WLTP CO₂ emissions combined: 0 g/km; CO₂ class: A; WLTP electric range: 679-805km

BMW Individual Steering Wheel in digital white available for order optionally starting from 01/26.

Screen contents are subject to change due to ongoing software updates.","https://x.com/BMW/status/1964254726565904774","https://video.twimg.com/amplify_video/1964253582141661184/vid/avc1/1080x1920/Pqunv8W9whlnsPBe.mp4?tag=21","video","1","Sat Sep 06 09:09:55 +0000 2025","181","267","1472","39","88","126864","No","No","No","No","No","en","","BMWiX3, BMW, BMWNewEra, NeueKlasse","","1964254726565904774","Meet the new BMW iX3.
More dynamic. More intelligent. More BMW than ever.
The first of a new era.

#BMWiX3 #BMW #BMWNewEra #NeueKlasse

BMW iX3 50 xDrive: WLTP energy consumption combined: 17,9 - 15,1 kWh/100 km; WLTP CO₂ emissions combined: 0 g/km; CO₂ class: A; WLTP electric https://t.co/EXUXYeNUNz","Meet the new BMW iX3.
More dynamic. More intelligent. More BMW than ever.
The first of a new era.

#BMWiX3 #BMW #BMWNewEra #NeueKlasse

BMW iX3 50 xDrive: WLTP energy consumption combined: 17,9 - 15,1 kWh/100 km; WLTP CO₂ emissions combined: 0 g/km; CO₂ class: A; WLTP electric range: 679-805km

BMW Individual Steering Wheel in digital white available for order optionally starting from 01/26.

Screen contents are subject to change due to ongoing software updates.","1545994664","BMW","BMW","The official #BMW account. Come for the cars, stay for the Joy. Imprint: https://t.co/CofRcurI3x","2674043","73","15672","48322","4956","https://pbs.twimg.com/profile_images/1807534976117747713/Uk3W5rE1_normal.jpg","https://pbs.twimg.com/profile_banners/1545994664/1757063924","Munich","Yes","No","No","Business","Tue Jun 25 15:20:28 +0000 2013","2026-04-05T17:34:54.901Z"
"1963893784715911448","The new BMW iX3 is the start of a new era. A real road stunner with a new kind of driving experience, built around you.

The new BMW iX3.
#BMWiX3 #BMW #BMWNewEra #NeueKlasse

To learn more: https://t.co/vZqg9IZofB

BMW iX3 50 xDrive: WLTP energy consumption combined: 17,9 - 15,1 https://t.co/PY8JWX51S9","The new BMW iX3 is the start of a new era. A real road stunner with a new kind of driving experience, built around you.

The new BMW iX3.
#BMWiX3 #BMW #BMWNewEra #NeueKlasse

To learn more: https://t.co/OdMiJ85oN7

BMW iX3 50 xDrive: WLTP energy consumption combined: 17,9 - 15,1 kWh/100 km; WLTP CO₂ emissions combined: 0 g/km; CO2-class: A; WLTP electric range: 679-805km

BMW Individual Steering Wheel in digital white available for order optionally starting from 01/26.

Screen contents are subject to change due to ongoing software updates.","https://x.com/BMW/status/1963893784715911448","https://pbs.twimg.com/media/G0ESUF2XwAAcocz.jpg
https://pbs.twimg.com/media/G0ESUF6W0AAT63z.jpg
https://pbs.twimg.com/media/G0ESUF3WgAAOm1R.jpg
https://pbs.twimg.com/media/G0ESUF3XsAA7rn6.jpg","photo
photo
photo
photo","4","Fri Sep 05 09:15:40 +0000 2025","513","452","3218","209","206","650517","No","No","No","No","No","en","https://b.mw/uALmn","BMWiX3, BMW, BMWNewEra, NeueKlasse","","1963893784715911448","The new BMW iX3 is the start of a new era. A real road stunner with a new kind of driving experience, built around you.

The new BMW iX3.
#BMWiX3 #BMW #BMWNewEra #NeueKlasse

To learn more: https://t.co/vZqg9IZofB

BMW iX3 50 xDrive: WLTP energy consumption combined: 17,9 - 15,1 https://t.co/PY8JWX51S9","The new BMW iX3 is the start of a new era. A real road stunner with a new kind of driving experience, built around you.

The new BMW iX3.
#BMWiX3 #BMW #BMWNewEra #NeueKlasse

To learn more: https://t.co/OdMiJ85oN7

BMW iX3 50 xDrive: WLTP energy consumption combined: 17,9 - 15,1 kWh/100 km; WLTP CO₂ emissions combined: 0 g/km; CO2-class: A; WLTP electric range: 679-805km

BMW Individual Steering Wheel in digital white available for order optionally starting from 01/26.

Screen contents are subject to change due to ongoing software updates.","1545994664","BMW","BMW","The official #BMW account. Come for the cars, stay for the Joy. Imprint: https://t.co/CofRcurI3x","2674043","73","15672","48322","4956","https://pbs.twimg.com/profile_images/1807534976117747713/Uk3W5rE1_normal.jpg","https://pbs.twimg.com/profile_banners/1545994664/1757063924","Munich","Yes","No","No","Business","Tue Jun 25 15:20:28 +0000 2013","2026-04-05T17:34:54.901Z"
"1962908404235522337","Something new is on the horizon.
#BMW #BMWNewEra #NeueKlasse

BMW iX3 50 xDrive: WLTP energy consumption combined: 17,9 - 15,1 kWh/100 km; WLTP CO₂ emissions combined: 0 g/km; CO2-class: A https://t.co/76RfJEkp8r","","https://x.com/BMW/status/1962908404235522337","https://pbs.twimg.com/media/Gz2mrh6WEAAHoCU.jpg","photo","1","Tue Sep 02 16:00:07 +0000 2025","106","248","1681","28","39","100424","No","No","No","No","No","en","","BMW, BMWNewEra, NeueKlasse","","1962908404235522337","Something new is on the horizon.
#BMW #BMWNewEra #NeueKlasse

BMW iX3 50 xDrive: WLTP energy consumption combined: 17,9 - 15,1 kWh/100 km; WLTP CO₂ emissions combined: 0 g/km; CO2-class: A https://t.co/76RfJEkp8r","","1545994664","BMW","BMW","The official #BMW account. Come for the cars, stay for the Joy. Imprint: https://t.co/CofRcurI3x","2674043","73","15672","48322","4956","https://pbs.twimg.com/profile_images/1807534976117747713/Uk3W5rE1_normal.jpg","https://pbs.twimg.com/profile_banners/1545994664/1757063924","Munich","Yes","No","No","Business","Tue Jun 25 15:20:28 +0000 2013","2026-04-05T17:34:54.901Z"
"1962546180744704103","A new era is coming…
#BMW #BMWNewEra #NeueKlasse

BMW iX3 50 xDrive: WLTP energy consumption combined: 17,9 - 15,1 kWh/100 km; WLTP CO₂ emissions combined: 0 g/km; CO2-class: A https://t.co/tvFzayzYZC","","https://x.com/BMW/status/1962546180744704103","https://video.twimg.com/amplify_video/1962542604936970240/vid/avc1/1080x1350/9L3S9gpfqG8ttIOV.mp4?tag=21","video","1","Mon Sep 01 16:00:46 +0000 2025","82","209","1426","24","68","85092","No","No","No","No","No","ro","","BMW, BMWNewEra, NeueKlasse","","1962546180744704103","A new era is coming…
#BMW #BMWNewEra #NeueKlasse

BMW iX3 50 xDrive: WLTP energy consumption combined: 17,9 - 15,1 kWh/100 km; WLTP CO₂ emissions combined: 0 g/km; CO2-class: A https://t.co/tvFzayzYZC","","1545994664","BMW","BMW","The official #BMW account. Come for the cars, stay for the Joy. Imprint: https://t.co/CofRcurI3x","2674043","73","15672","48322","4956","https://pbs.twimg.com/profile_images/1807534976117747713/Uk3W5rE1_normal.jpg","https://pbs.twimg.com/profile_banners/1545994664/1757063924","Munich","Yes","No","No","Business","Tue Jun 25 15:20:28 +0000 2013","2026-04-05T17:34:54.901Z"
"1955903439290163680","Where senses guide every turn, and purpose sets the pace.
 
The BMW M850i xDrive Gran Coupe.
#THEM8 #BMW
 
Mandatory information according to German law ’Pkw-EnVKV’ based on WLTP: energy consumption combined: 11,0 l/100 km; CO₂ emissions combined: 250 g/km; CO2-class(es): G. https://t.co/mfCjFnbFgW","","https://x.com/BMW/status/1955903439290163680","https://pbs.twimg.com/media/GyTDz4sW4AQxQTQ.jpg","photo","1","Thu Aug 14 08:04:53 +0000 2025","113","241","1632","18","56","74052","No","No","No","No","No","en","","THEM8, BMW","","1955903439290163680","Where senses guide every turn, and purpose sets the pace.
 
The BMW M850i xDrive Gran Coupe.
#THEM8 #BMW
 
Mandatory information according to German law ’Pkw-EnVKV’ based on WLTP: energy consumption combined: 11,0 l/100 km; CO₂ emissions combined: 250 g/km; CO2-class(es): G. https://t.co/mfCjFnbFgW","","1545994664","BMW","BMW","The official #BMW account. Come for the cars, stay for the Joy. Imprint: https://t.co/CofRcurI3x","2674043","73","15672","48322","4956","https://pbs.twimg.com/profile_images/1807534976117747713/Uk3W5rE1_normal.jpg","https://pbs.twimg.com/profile_banners/1545994664/1757063924","Munich","Yes","No","No","Business","Tue Jun 25 15:20:28 +0000 2013","2026-04-05T17:34:54.901Z"
"1955178839170031713","Choosing movement, finding freedom in space.
 
The BMW X7 xDrive40i.
#THEX7 #BMW
 
Mandatory information according to German law ’Pkw-EnVKV’ based on WLTP: energy consumption combined: 10,6 l/100 km; CO₂ emissions combined: 239 g/km; CO2-class(es): G. https://t.co/GgDDFbZsI5","","https://x.com/BMW/status/1955178839170031713","https://pbs.twimg.com/media/GyIwyqdXwAAkLdW.jpg","photo","1","Tue Aug 12 08:05:35 +0000 2025","71","145","905","12","25","54996","No","No","No","No","No","en","","THEX7, BMW","","1955178839170031713","Choosing movement, finding freedom in space.
 
The BMW X7 xDrive40i.
#THEX7 #BMW
 
Mandatory information according to German law ’Pkw-EnVKV’ based on WLTP: energy consumption combined: 10,6 l/100 km; CO₂ emissions combined: 239 g/km; CO2-class(es): G. https://t.co/GgDDFbZsI5","","1545994664","BMW","BMW","The official #BMW account. Come for the cars, stay for the Joy. Imprint: https://t.co/CofRcurI3x","2674043","73","15672","48322","4956","https://pbs.twimg.com/profile_images/1807534976117747713/Uk3W5rE1_normal.jpg","https://pbs.twimg.com/profile_banners/1545994664/1757063924","Munich","Yes","No","No","Business","Tue Jun 25 15:20:28 +0000 2013","2026-04-05T17:34:54.901Z"
"1954818002949419349","A sense of refinement, a feeling of forward.
 
The BMW X7 xDrive40i.
#THEX7 #BMW
 
Mandatory information according to German law ’Pkw-EnVKV’ based on WLTP: energy consumption combined: 10,6 l/100 km; CO₂ emissions combined: 239 g/km; CO2-class(es): G. https://t.co/Wj7AgMGPPU","","https://x.com/BMW/status/1954818002949419349","https://pbs.twimg.com/media/GyDonHYWkAMvGRV.jpg","photo","1","Mon Aug 11 08:11:45 +0000 2025","57","134","916","8","27","53062","No","No","No","No","No","en","","THEX7, BMW","","1954818002949419349","A sense of refinement, a feeling of forward.
 
The BMW X7 xDrive40i.
#THEX7 #BMW
 
Mandatory information according to German law ’Pkw-EnVKV’ based on WLTP: energy consumption combined: 10,6 l/100 km; CO₂ emissions combined: 239 g/km; CO2-class(es): G. https://t.co/Wj7AgMGPPU","","1545994664","BMW","BMW","The official #BMW account. Come for the cars, stay for the Joy. Imprint: https://t.co/CofRcurI3x","2674043","73","15672","48322","4956","https://pbs.twimg.com/profile_images/1807534976117747713/Uk3W5rE1_normal.jpg","https://pbs.twimg.com/profile_banners/1545994664/1757063924","Munich","Yes","No","No","Business","Tue Jun 25 15:20:28 +0000 2013","2026-04-05T17:34:54.901Z"
"1953366318691819962","Progression and innovation shape a reward felt by every sense.
 
The BMW 7 Series.
#THE7 #BMW #7Series https://t.co/3HryiX5Q6J","","https://x.com/BMW/status/1953366318691819962","https://pbs.twimg.com/media/GxvAT-4WcAA-1C4.jpg","photo","1","Thu Aug 07 08:03:16 +0000 2025","101","259","2454","21","77","94884","No","No","No","No","No","en","","THE7, BMW, 7Series","","1953366318691819962","Progression and innovation shape a reward felt by every sense.
 
The BMW 7 Series.
#THE7 #BMW #7Series https://t.co/3HryiX5Q6J","","1545994664","BMW","BMW","The official #BMW account. Come for the cars, stay for the Joy. Imprint: https://t.co/CofRcurI3x","2674043","73","15672","48322","4956","https://pbs.twimg.com/profile_images/1807534976117747713/Uk3W5rE1_normal.jpg","https://pbs.twimg.com/profile_banners/1545994664/1757063924","Munich","Yes","No","No","Business","Tue Jun 25 15:20:28 +0000 2013","2026-04-05T17:34:54.901Z"
"1952641522987323854","Movement refined in pursuit, always advancing the senses.
 
The BMW M850i xDrive Gran Coupe.
#THEM8 #BMW
 
Mandatory information according to German law ’Pkw-EnVKV’ based on WLTP: energy consumption combined: 11,0 l/100 km; CO₂ emissions combined: 250 g/km; CO2-class(es): G. https://t.co/0gGzKv4EwF","","https://x.com/BMW/status/1952641522987323854","https://pbs.twimg.com/media/GxktHa0W0AE0327.jpg","photo","1","Tue Aug 05 08:03:12 +0000 2025","76","182","1151","15","44","75118","No","No","No","No","No","en","","THEM8, BMW","","1952641522987323854","Movement refined in pursuit, always advancing the senses.
 
The BMW M850i xDrive Gran Coupe.
#THEM8 #BMW
 
Mandatory information according to German law ’Pkw-EnVKV’ based on WLTP: energy consumption combined: 11,0 l/100 km; CO₂ emissions combined: 250 g/km; CO2-class(es): G. https://t.co/0gGzKv4EwF","","1545994664","BMW","BMW","The official #BMW account. Come for the cars, stay for the Joy. Imprint: https://t.co/CofRcurI3x","2674043","73","15672","48322","4956","https://pbs.twimg.com/profile_images/1807534976117747713/Uk3W5rE1_normal.jpg","https://pbs.twimg.com/profile_banners/1545994664/1757063924","Munich","Yes","No","No","Business","Tue Jun 25 15:20:28 +0000 2013","2026-04-05T17:34:54.901Z"
"1952278522753360115","Precious can't be found. Shaped by a drive to lead.
 
The BMW i7 M70 xDrive. 100% electric.
#BMW
 
Mandatory information according to German law ’Pkw-EnVKV’ based on WLTP: energy consumption combined: 23,7 kWh/100 km; CO₂ emissions combined: 0 g/km; CO2-class: A; electric range: https://t.co/Txy8s4CMK4","Precious can't be found. Shaped by a drive to lead.
 
The BMW i7 M70 xDrive. 100% electric.
#BMW
 
Mandatory information according to German law ’Pkw-EnVKV’ based on WLTP: energy consumption combined: 23,7 kWh/100 km; CO₂ emissions combined: 0 g/km; CO2-class: A; electric range: 490 km.","https://x.com/BMW/status/1952278522753360115","https://pbs.twimg.com/media/Gxfi9_aXwAAR7IF.jpg","photo","1","Mon Aug 04 08:00:46 +0000 2025","117","213","1394","22","50","70218","No","No","No","No","No","en","","BMW","","1952278522753360115","Precious can't be found. Shaped by a drive to lead.
 
The BMW i7 M70 xDrive. 100% electric.
#BMW
 
Mandatory information according to German law ’Pkw-EnVKV’ based on WLTP: energy consumption combined: 23,7 kWh/100 km; CO₂ emissions combined: 0 g/km; CO2-class: A; electric range: https://t.co/Txy8s4CMK4","Precious can't be found. Shaped by a drive to lead.
 
The BMW i7 M70 xDrive. 100% electric.
#BMW
 
Mandatory information according to German law ’Pkw-EnVKV’ based on WLTP: energy consumption combined: 23,7 kWh/100 km; CO₂ emissions combined: 0 g/km; CO2-class: A; electric range: 490 km.","1545994664","BMW","BMW","The official #BMW account. Come for the cars, stay for the Joy. Imprint: https://t.co/CofRcurI3x","2674043","73","15672","48322","4956","https://pbs.twimg.com/profile_images/1807534976117747713/Uk3W5rE1_normal.jpg","https://pbs.twimg.com/profile_banners/1545994664/1757063924","Munich","Yes","No","No","Business","Tue Jun 25 15:20:28 +0000 2013","2026-04-05T17:34:54.901Z"
"1937437700522451196","Your car should know you better. With BMW Intelligent Personal Assistant, it does.
 
The BMW iX xDrive60. 100% electric.
#THEiX #BMW
 
Mandatory information according to german law ’Pkw-EnVKV’ based on WLTP: energy consumption combined: 21,9 kWh/100 km; CO₂ emissions combined: 0 https://t.co/BuojQXm5Bp","Your car should know you better. With BMW Intelligent Personal Assistant, it does.
 
The BMW iX xDrive60. 100% electric.
#THEiX #BMW
 
Mandatory information according to german law ’Pkw-EnVKV’ based on WLTP: energy consumption combined: 21,9 kWh/100 km; CO₂ emissions combined: 0 g/km; CO2-class: A; electric range: 564 km","https://x.com/BMW/status/1937437700522451196","https://pbs.twimg.com/media/GuMpT5dXAAA5v65.jpg
https://pbs.twimg.com/media/GuMpT5WWEAAZsZJ.jpg
https://pbs.twimg.com/media/GuMpT5ZXIAAbjna.jpg
https://pbs.twimg.com/media/GuMpT5ZXYAA-a_v.jpg","photo
photo
photo
photo","4","Tue Jun 24 09:08:38 +0000 2025","202","190","947","28","28","84990","No","No","No","No","No","en","","THEiX, BMW","","1937437700522451196","Your car should know you better. With BMW Intelligent Personal Assistant, it does.
 
The BMW iX xDrive60. 100% electric.
#THEiX #BMW
 
Mandatory information according to german law ’Pkw-EnVKV’ based on WLTP: energy consumption combined: 21,9 kWh/100 km; CO₂ emissions combined: 0 https://t.co/BuojQXm5Bp","Your car should know you better. With BMW Intelligent Personal Assistant, it does.
 
The BMW iX xDrive60. 100% electric.
#THEiX #BMW
 
Mandatory information according to german law ’Pkw-EnVKV’ based on WLTP: energy consumption combined: 21,9 kWh/100 km; CO₂ emissions combined: 0 g/km; CO2-class: A; electric range: 564 km","1545994664","BMW","BMW","The official #BMW account. Come for the cars, stay for the Joy. Imprint: https://t.co/CofRcurI3x","2674043","73","15672","48322","4956","https://pbs.twimg.com/profile_images/1807534976117747713/Uk3W5rE1_normal.jpg","https://pbs.twimg.com/profile_banners/1545994664/1757063924","Munich","Yes","No","No","Business","Tue Jun 25 15:20:28 +0000 2013","2026-04-05T17:34:54.901Z"
"1935623555816816749","This isn’t a charging spot. It’s a co-op lobby with @airconsole. Who wants a game with BMW In-Car Gaming?*
 
The BMW i5 xDrive40. 100% electric.
#THEi5 #BMW
 
*Services and features shown may not be available in all markets and languages and may require separate subscriptions. https://t.co/sxo2nVK55f","This isn’t a charging spot. It’s a co-op lobby with @airconsole. Who wants a game with BMW In-Car Gaming?*
 
The BMW i5 xDrive40. 100% electric.
#THEi5 #BMW
 
*Services and features shown may not be available in all markets and languages and may require separate subscriptions.
 
Mandatory information according to german law ’Pkw-EnVKV’ based on WLTP: energy consumption combined: 19,5-19,4 kWh/100 km; CO₂ emissions combined: 0 g/km; CO2-class: A; electric range: 468-467 km","https://x.com/BMW/status/1935623555816816749","https://pbs.twimg.com/media/Gty3XJnWQAAz6d0.jpg
https://pbs.twimg.com/media/Gty3XJoWwAAK-5H.jpg","photo
photo","2","Thu Jun 19 08:59:52 +0000 2025","94","109","619","21","21","62461","No","No","No","No","No","en","","THEi5, BMW","AirConsole","1935623555816816749","This isn’t a charging spot. It’s a co-op lobby with @airconsole. Who wants a game with BMW In-Car Gaming?*
 
The BMW i5 xDrive40. 100% electric.
#THEi5 #BMW
 
*Services and features shown may not be available in all markets and languages and may require separate subscriptions. https://t.co/sxo2nVK55f","This isn’t a charging spot. It’s a co-op lobby with @airconsole. Who wants a game with BMW In-Car Gaming?*
 
The BMW i5 xDrive40. 100% electric.
#THEi5 #BMW
 
*Services and features shown may not be available in all markets and languages and may require separate subscriptions.
 
Mandatory information according to german law ’Pkw-EnVKV’ based on WLTP: energy consumption combined: 19,5-19,4 kWh/100 km; CO₂ emissions combined: 0 g/km; CO2-class: A; electric range: 468-467 km","1545994664","BMW","BMW","The official #BMW account. Come for the cars, stay for the Joy. Imprint: https://t.co/CofRcurI3x","2674043","73","15672","48322","4956","https://pbs.twimg.com/profile_images/1807534976117747713/Uk3W5rE1_normal.jpg","https://pbs.twimg.com/profile_banners/1545994664/1757063924","Munich","Yes","No","No","Business","Tue Jun 25 15:20:28 +0000 2013","2026-04-05T17:34:54.901Z"
"1933093539006545998","This is the BMW Heart of Joy.

The octopus is a marvel of the natural world, but what if it could control every one of its 8 limbs from a single central nervous system.

The first-ever BMW Heart of Joy provides BMW drivers the power to experience the next evolution of driving https://t.co/6v5mQCmXSg","This is the BMW Heart of Joy.

The octopus is a marvel of the natural world, but what if it could control every one of its 8 limbs from a single central nervous system.

The first-ever BMW Heart of Joy provides BMW drivers the power to experience the next evolution of driving pleasure; next-level control, exceptional agility and driving dynamics, and a highly responsive, safer drive.

#BMW #HeartofJoy

The BMW Heart of Joy will be available soon in selected BMW vehicles.","https://x.com/BMW/status/1933093539006545998","https://video.twimg.com/amplify_video/1933070089747652609/vid/avc1/1080x1920/OLHHNjef4X_EG68N.mp4?tag=21","video","1","Thu Jun 12 09:26:29 +0000 2025","137","169","682","42","49","78151","No","No","No","No","No","en","","","","1933093539006545998","This is the BMW Heart of Joy.

The octopus is a marvel of the natural world, but what if it could control every one of its 8 limbs from a single central nervous system.

The first-ever BMW Heart of Joy provides BMW drivers the power to experience the next evolution of driving https://t.co/6v5mQCmXSg","This is the BMW Heart of Joy.

The octopus is a marvel of the natural world, but what if it could control every one of its 8 limbs from a single central nervous system.

The first-ever BMW Heart of Joy provides BMW drivers the power to experience the next evolution of driving pleasure; next-level control, exceptional agility and driving dynamics, and a highly responsive, safer drive.

#BMW #HeartofJoy

The BMW Heart of Joy will be available soon in selected BMW vehicles.","1545994664","BMW","BMW","The official #BMW account. Come for the cars, stay for the Joy. Imprint: https://t.co/CofRcurI3x","2674043","73","15672","48322","4956","https://pbs.twimg.com/profile_images/1807534976117747713/Uk3W5rE1_normal.jpg","https://pbs.twimg.com/profile_banners/1545994664/1757063924","Munich","Yes","No","No","Business","Tue Jun 25 15:20:28 +0000 2013","2026-04-05T17:34:54.901Z"
"1932001988759224615","Turn every curve into a smooth swim 🐠 with BMW Curve-Ahead View! 🌊
 
The BMW X1 xDrive23d.
#THEX1 #BMW
 
Mandatory information according to German law ’Pkw-EnVKV’ based on WLTP: energy consumption combined: 5,3-4,9 l/100 km; CO₂ emissions combined: 139-130 g/km; CO₂ https://t.co/ymf9Bxt6Wi","Turn every curve into a smooth swim 🐠 with BMW Curve-Ahead View! 🌊
 
The BMW X1 xDrive23d.
#THEX1 #BMW
 
Mandatory information according to German law ’Pkw-EnVKV’ based on WLTP: energy consumption combined: 5,3-4,9 l/100 km; CO₂ emissions combined: 139-130 g/km; CO₂ class(es): E-D","https://x.com/BMW/status/1932001988759224615","https://pbs.twimg.com/media/Gs_ZkQRWQAEKES3.jpg
https://pbs.twimg.com/media/Gs_ZkQRWMAAeupC.jpg
https://pbs.twimg.com/media/Gs_ZkQTWUAA5mqK.jpg
https://pbs.twimg.com/media/Gs_ZkQQXwAAt0FC.jpg","photo
photo
photo
photo","4","Mon Jun 09 09:09:03 +0000 2025","93","113","619","9","18","60429","No","No","No","No","No","en","","THEX1, BMW","","1932001988759224615","Turn every curve into a smooth swim 🐠 with BMW Curve-Ahead View! 🌊
 
The BMW X1 xDrive23d.
#THEX1 #BMW
 
Mandatory information according to German law ’Pkw-EnVKV’ based on WLTP: energy consumption combined: 5,3-4,9 l/100 km; CO₂ emissions combined: 139-130 g/km; CO₂ https://t.co/ymf9Bxt6Wi","Turn every curve into a smooth swim 🐠 with BMW Curve-Ahead View! 🌊
 
The BMW X1 xDrive23d.
#THEX1 #BMW
 
Mandatory information according to German law ’Pkw-EnVKV’ based on WLTP: energy consumption combined: 5,3-4,9 l/100 km; CO₂ emissions combined: 139-130 g/km; CO₂ class(es): E-D","1545994664","BMW","BMW","The official #BMW account. Come for the cars, stay for the Joy. Imprint: https://t.co/CofRcurI3x","2674043","73","15672","48322","4956","https://pbs.twimg.com/profile_images/1807534976117747713/Uk3W5rE1_normal.jpg","https://pbs.twimg.com/profile_banners/1545994664/1757063924","Munich","Yes","No","No","Business","Tue Jun 25 15:20:28 +0000 2013","2026-04-05T17:34:54.901Z"
"1930188656771314089","When the dog wants to do the parking, you know it’s time for BMW Remote Control Parking to take over.* 🐾📱  
The BMW X5 xDrive50e.
#THEX5 #BMW
 
Mandatory information according to German law ’Pkw-EnVKV’ based on WLTP: energy consumption weighted combined: 30,5-28,5 kWh/100 km https://t.co/vmUAjkiASU","When the dog wants to do the parking, you know it’s time for BMW Remote Control Parking to take over.* 🐾📱  
The BMW X5 xDrive50e.
#THEX5 #BMW
 
Mandatory information according to German law ’Pkw-EnVKV’ based on WLTP: energy consumption weighted combined: 30,5-28,5 kWh/100 km and 1,2-1,0 l/100 km; CO₂ emissions weighted combined: 27-23 g/km; CO₂ classes: with discharged battery G; weighted combined B; Fuel consumption with depleted battery combined: 10,4-9,8 l/100km; electric range: 93-85 km
 
*No animals were placed in control of the vehicle. Human supervision required at all times.","https://x.com/BMW/status/1930188656771314089","https://pbs.twimg.com/media/GsloWimX0AAVfYS.jpg
https://pbs.twimg.com/media/GsloWinXAAAbRCm.jpg","photo
photo","2","Wed Jun 04 09:03:31 +0000 2025","71","101","496","10","15","50913","No","No","No","No","No","en","","THEX5, BMW","","1930188656771314089","When the dog wants to do the parking, you know it’s time for BMW Remote Control Parking to take over.* 🐾📱  
The BMW X5 xDrive50e.
#THEX5 #BMW
 
Mandatory information according to German law ’Pkw-EnVKV’ based on WLTP: energy consumption weighted combined: 30,5-28,5 kWh/100 km https://t.co/vmUAjkiASU","When the dog wants to do the parking, you know it’s time for BMW Remote Control Parking to take over.* 🐾📱  
The BMW X5 xDrive50e.
#THEX5 #BMW
 
Mandatory information according to German law ’Pkw-EnVKV’ based on WLTP: energy consumption weighted combined: 30,5-28,5 kWh/100 km and 1,2-1,0 l/100 km; CO₂ emissions weighted combined: 27-23 g/km; CO₂ classes: with discharged battery G; weighted combined B; Fuel consumption with depleted battery combined: 10,4-9,8 l/100km; electric range: 93-85 km
 
*No animals were placed in control of the vehicle. Human supervision required at all times.","1545994664","BMW","BMW","The official #BMW account. Come for the cars, stay for the Joy. Imprint: https://t.co/CofRcurI3x","2674043","73","15672","48322","4956","https://pbs.twimg.com/profile_images/1807534976117747713/Uk3W5rE1_normal.jpg","https://pbs.twimg.com/profile_banners/1545994664/1757063924","Munich","Yes","No","No","Business","Tue Jun 25 15:20:28 +0000 2013","2026-04-05T17:34:54.901Z"
"1928377740308234686","BMW Highway Assistant* = With a great mustache comes great responsibility.
 
The BMW i5 xDrive40. 100% electric.
#THEi5 #BMW
 
BMW i5 xDrive40: Mandatory information according to german law ’Pkw-EnVKV’ based on WLTP: energy consumption combined: 18,8 kWh/100 km; CO₂ emissions https://t.co/1iXr8j9WN1","BMW Highway Assistant* = With a great mustache comes great responsibility.
 
The BMW i5 xDrive40. 100% electric.
#THEi5 #BMW
 
BMW i5 xDrive40: Mandatory information according to german law ’Pkw-EnVKV’ based on WLTP: energy consumption combined: 18,8 kWh/100 km; CO₂ emissions combined: 0 g/km; CO₂-class: A; electric range: 487 km

*The BMW Highway Assistant is only available in Germany and the USA. Driver assistance features are not a substitute for the driver's responsibility to operate the vehicle in a safe manner. Always pay attention to traffic, surroundings, and road conditions while using Highway Assistant. Weather, traffic, road conditions, cellular service and map data may affect performance of driver assistance features. Applicable laws may differ, and the use of this function may be prohibited or limited. Before use, check applicable laws. Please refer to your owner's manual for more information.","https://x.com/BMW/status/1928377740308234686","https://pbs.twimg.com/media/GsL5VUcXEAA17Fp.jpg
https://pbs.twimg.com/media/GsL5VUgX0AAegni.jpg","photo
photo","2","Fri May 30 09:07:35 +0000 2025","82","95","517","13","8","65465","No","No","No","No","No","en","","THEi5, BMW","","1928377740308234686","BMW Highway Assistant* = With a great mustache comes great responsibility.
 
The BMW i5 xDrive40. 100% electric.
#THEi5 #BMW
 
BMW i5 xDrive40: Mandatory information according to german law ’Pkw-EnVKV’ based on WLTP: energy consumption combined: 18,8 kWh/100 km; CO₂ emissions https://t.co/1iXr8j9WN1","BMW Highway Assistant* = With a great mustache comes great responsibility.
 
The BMW i5 xDrive40. 100% electric.
#THEi5 #BMW
 
BMW i5 xDrive40: Mandatory information according to german law ’Pkw-EnVKV’ based on WLTP: energy consumption combined: 18,8 kWh/100 km; CO₂ emissions combined: 0 g/km; CO₂-class: A; electric range: 487 km

*The BMW Highway Assistant is only available in Germany and the USA. Driver assistance features are not a substitute for the driver's responsibility to operate the vehicle in a safe manner. Always pay attention to traffic, surroundings, and road conditions while using Highway Assistant. Weather, traffic, road conditions, cellular service and map data may affect performance of driver assistance features. Applicable laws may differ, and the use of this function may be prohibited or limited. Before use, check applicable laws. Please refer to your owner's manual for more information.","1545994664","BMW","BMW","The official #BMW account. Come for the cars, stay for the Joy. Imprint: https://t.co/CofRcurI3x","2674043","73","15672","48322","4956","https://pbs.twimg.com/profile_images/1807534976117747713/Uk3W5rE1_normal.jpg","https://pbs.twimg.com/profile_banners/1545994664/1757063924","Munich","Yes","No","No","Business","Tue Jun 25 15:20:28 +0000 2013","2026-04-05T17:34:54.901Z"